company,city,niche,email,phone,source_url,package_pitch,status,sent_at,from_address,notes
InsolEnergy,Київ,інвертор/АКБ/СЕС,insolenergycompany@gmail.com,+380985675767,https://insolenergy.com.ua/service,featured,sent,2026-09-28,info@zaryadnastantsiya.com.ua,Resent from project domain (buketgo mistake corrected)
Home4You,Київ,гібридний інвертор/АКБ,home4youkyiv@gmail.com,+380683686818,https://home4you.com.ua/montazh-ta-pidkliuchennia-hibrydnoho-invertora-i-akumuliatornoi-batarei/,featured,sent,2026-09-28,info@zaryadnastantsiya.com.ua,
The Power,Київ,інвертор/ДБЖ,info@thepower.com.ua,+380503882755,https://thepower.com.ua/poslugy/vstanovlennya-invertoriv-ta-dbzh-v-budynok-kvartyru-chy-ofis/,featured,sent,2026-09-28,info@zaryadnastantsiya.com.ua,
My Sun Energy,Київ,СЕС/монтаж,info@mse.com.ua,+380987220077,https://mse.com.ua/,featured,sent,2026-09-28,info@zaryadnastantsiya.com.ua,
ПЕК / Energoone,Київ,генератор/монтаж,info@energoone.com.ua,+380673650093,https://energoone.com.ua/montazh,featured,sent,2026-09-28,info@zaryadnastantsiya.com.ua,
Generator.ua,Київ,генератор/монтаж+продаж,prodazh@generator.ua,+380800759790,https://generator.ua/contact-us,featured,sent,2026-09-28,info@zaryadnastantsiya.com.ua,
Triniti-SB,Київ,дизель генератор/монтаж,info@triniti-sb.com.ua,+380445030404,https://triniti-sb.com.ua/services/install-generators/,featured,sent,2026-09-28,info@zaryadnastantsiya.com.ua,
ПАРТНЕР / PSG,Київ,інвертор/EcoFlow/АВР,partner@psg.com.ua,+380662000105,https://psg.com.ua/enerhonezalezhnist/,featured,sent,2026-09-28,info@zaryadnastantsiya.com.ua,
E-Lifepo4,Київ,інвертор/АКБ LiFePO4,elifepo4@gmail.com,+380672453777,https://e-lifepo4.com.ua/montazh-invertora-ta-akumuliatora-v-kyievi-ta-oblasti/,featured,sent,2026-09-28,info@zaryadnastantsiya.com.ua,
Alpindustriya,Київ,гібридний інвертор/СЕС,company@alpindustriya.com.ua,+380980227277,https://alpindustriya.com.ua/ua/nashi-kontakty/,featured,sent,2026-09-28,info@zaryadnastantsiya.com.ua,
Konektis,Київ,генератор/монтаж,info@konektis.com.ua,+380661406556,https://konektis.com.ua/kontakty,featured,sent,2026-09-28,info@zaryadnastantsiya.com.ua,
Genset,Київ,генератор,info@genset.com.ua,+380960282848,https://genset.com.ua/,featured,sent,2026-09-28,info@zaryadnastantsiya.com.ua,
TL-GEN,Київ,дизель генератор,shop@tl-gen.com.ua,,https://tl-gen.com.ua/pidkliuchennia-dyzelnoho-heneratora,featured,sent,2026-09-28,info@zaryadnastantsiya.com.ua,
Utem,Київ,резервне живлення/СЕС,solar@utem.org.ua,,https://utem.org.ua/ua/pages/sistemy_rezervnogo_pitaniya,featured,sent,2026-09-28,info@zaryadnastantsiya.com.ua,
Ekorezerv,Київ,інвертор/АКБ монтаж,info@ekorezerv.net,,https://ekorezerv.net/index.php,featured,sent,2026-09-28,info@zaryadnastantsiya.com.ua,
Boreyra,Київ,резервне живлення під ключ,info@boreyra.com.ua,,https://boreyra.com.ua/contacts/,featured,sent,2026-09-28,info@zaryadnastantsiya.com.ua,
EcoFlow Ukraine,Київ,EcoFlow монтаж (офіційний),info@ecoflowukraine.com,+380800207555,https://ecoflowukraine.com/montazhni-roboty/,featured,sent,2026-09-28,info@zaryadnastantsiya.com.ua,
AllServices Kyiv,Київ,підключення EcoFlow/електрик,info@allservices.kiev.ua,+380732294207,https://allservices.kiev.ua/ru/uslugi-elektrika/podklyuchenie-ecoflow/,featured,sent,2026-09-28,info@zaryadnastantsiya.com.ua,
ProfElectrika,Київ,резервне живлення під ключ,vladimirahimovic8@gmail.com,,https://profelectrika.kiev.ua/montazh-rezervnogo-givlenny/,featured,sent,2026-09-28,info@zaryadnastantsiya.com.ua,
Спецмонтажсервіс К / EBMS,Київ,генератор/АВР,ebms@i.ua,+380973757775,https://ebms.com.ua/uk/benzinovi-ta-dizelni-elektrogeneratori/,featured,sent,2026-09-28,info@zaryadnastantsiya.com.ua,
PL2T,Київ,резервне живлення,info@pl2t.com,,https://pl2t.com/uk/contacts/,featured,sent,2026-09-28,info@zaryadnastantsiya.com.ua,
KressMarket,Київ,монтаж генератора,info@kressmarket.com.ua,,https://kressmarket.com.ua/services/uslugi/montazh-generatora-pod-klyuch/,featured,sent,2026-09-28,info@zaryadnastantsiya.com.ua,
Енергогарант / 220v,Київ,гібридний інвертор,3311706@ukr.net,+380972048038,https://220v.com.ua/ukr/contacts.html,featured,sent,2026-09-28,info@zaryadnastantsiya.com.ua,
