type,company,city,email,subject,status,sent_at,from_address,batch,notes
featured,Alterno,Дніпро,info@alterno.com.ua,Коротко: Featured у Дніпро ще вільний?,sent,2026-10-04,info@zaryadnastantsiya.com.ua,regional,Mail2 follow-up Zoho 200
featured,Electric Pro,Одеса,info@electricpro.od.ua,Коротко: Featured у Одеса ще вільний?,sent,2026-10-04,info@zaryadnastantsiya.com.ua,regional,Mail2 follow-up Zoho 200
featured,Енергія Досконалості,Львів,info@ep.lviv.ua,Коротко: Featured у Львів ще вільний?,sent,2026-10-04,info@zaryadnastantsiya.com.ua,regional,Mail2 follow-up Zoho 200
featured,Sanlarix,Львів,contact@sanlarix.com.ua,Коротко: Featured у Львів ще вільний?,sent,2026-10-04,info@zaryadnastantsiya.com.ua,regional,Mail2 follow-up Zoho 200
featured,Power Klinik,Україна,info@power-klinik.com.ua,Коротко: Featured у Україна ще вільний?,sent,2026-10-04,info@zaryadnastantsiya.com.ua,regional,Mail2 follow-up Zoho 200
featured,Гранд Енерго Буд,Одеса,grandenergobud@gmail.com,Коротко: Featured у Одеса ще вільний?,sent,2026-10-04,info@zaryadnastantsiya.com.ua,regional,Mail2 follow-up Zoho 200
featured,E-Station,Дніпро,estation.dnipro@gmail.com,Коротко: Featured у Дніпро ще вільний?,sent,2026-10-04,info@zaryadnastantsiya.com.ua,regional,Mail2 follow-up Zoho 200
featured,Sun-Energy,Львів,sale@sun-energy.com.ua,Коротко: Featured у Львів ще вільний?,sent,2026-10-04,info@zaryadnastantsiya.com.ua,regional,Mail2 follow-up Zoho 200
featured,ELK Львів,Львів,lviv@elk.pp.ua,Коротко: Featured у Львів ще вільний?,sent,2026-10-04,info@zaryadnastantsiya.com.ua,regional,Mail2 follow-up Zoho 200
featured,InsolEnergy,Київ,insolenergycompany@gmail.com,Коротко: Featured у Київ ще вільний?,sent,2026-10-04,info@zaryadnastantsiya.com.ua,kyiv,Mail2 follow-up Zoho 200
featured,Домашній Майстер,Харків,domashnyj.master@gmail.com,Коротко: Featured у Харків ще вільний?,sent,2026-10-04,info@zaryadnastantsiya.com.ua,regional,Mail2 follow-up Zoho 200
featured,Home4You,Київ,home4youkyiv@gmail.com,Коротко: Featured у Київ ще вільний?,sent,2026-10-04,info@zaryadnastantsiya.com.ua,kyiv,Mail2 follow-up Zoho 200
featured,The Power,Київ,info@thepower.com.ua,Коротко: Featured у Київ ще вільний?,sent,2026-10-04,info@zaryadnastantsiya.com.ua,kyiv,Mail2 follow-up Zoho 200
featured,My Sun Energy,Київ,info@mse.com.ua,Коротко: Featured у Київ ще вільний?,sent,2026-10-04,info@zaryadnastantsiya.com.ua,kyiv,Mail2 follow-up Zoho 200
featured,ПЕК / Energoone,Київ,info@energoone.com.ua,Коротко: Featured у Київ ще вільний?,sent,2026-10-04,info@zaryadnastantsiya.com.ua,kyiv,Mail2 follow-up Zoho 200
featured,Triniti-SB,Київ,info@triniti-sb.com.ua,Коротко: Featured у Київ ще вільний?,sent,2026-10-04,info@zaryadnastantsiya.com.ua,kyiv,Mail2 follow-up Zoho 200
featured,Generator.ua,Київ,prodazh@generator.ua,Коротко: Featured у Київ ще вільний?,sent,2026-10-04,info@zaryadnastantsiya.com.ua,kyiv,Mail2 follow-up Zoho 200
featured,ПАРТНЕР / PSG,Київ,partner@psg.com.ua,Коротко: Featured у Київ ще вільний?,sent,2026-10-04,info@zaryadnastantsiya.com.ua,kyiv,Mail2 follow-up Zoho 200
featured,E-Lifepo4,Київ,elifepo4@gmail.com,Коротко: Featured у Київ ще вільний?,sent,2026-10-04,info@zaryadnastantsiya.com.ua,kyiv,Mail2 follow-up Zoho 200
featured,Alpindustriya,Київ,company@alpindustriya.com.ua,Коротко: Featured у Київ ще вільний?,sent,2026-10-04,info@zaryadnastantsiya.com.ua,kyiv,Mail2 follow-up Zoho 200
featured,Konektis,Київ,info@konektis.com.ua,Коротко: Featured у Київ ще вільний?,sent,2026-10-04,info@zaryadnastantsiya.com.ua,kyiv,Mail2 follow-up Zoho 200
featured,Genset,Київ,info@genset.com.ua,Коротко: Featured у Київ ще вільний?,sent,2026-10-04,info@zaryadnastantsiya.com.ua,kyiv,Mail2 follow-up Zoho 200
featured,TL-GEN,Київ,shop@tl-gen.com.ua,Коротко: Featured у Київ ще вільний?,sent,2026-10-04,info@zaryadnastantsiya.com.ua,kyiv,Mail2 follow-up Zoho 200
featured,Utem,Київ,solar@utem.org.ua,Коротко: Featured у Київ ще вільний?,sent,2026-10-04,info@zaryadnastantsiya.com.ua,kyiv,Mail2 follow-up Zoho 200
featured,Ekorezerv,Київ,info@ekorezerv.net,Коротко: Featured у Київ ще вільний?,sent,2026-10-04,info@zaryadnastantsiya.com.ua,kyiv,Mail2 follow-up Zoho 200
featured,Boreyra,Київ,info@boreyra.com.ua,Коротко: Featured у Київ ще вільний?,sent,2026-10-04,info@zaryadnastantsiya.com.ua,kyiv,Mail2 follow-up Zoho 200
featured,EcoFlow Ukraine,Київ,info@ecoflowukraine.com,Коротко: Featured у Київ ще вільний?,sent,2026-10-04,info@zaryadnastantsiya.com.ua,kyiv,Mail2 follow-up Zoho 200
featured,ProfElectrika,Київ,vladimirahimovic8@gmail.com,Коротко: Featured у Київ ще вільний?,sent,2026-10-04,info@zaryadnastantsiya.com.ua,kyiv,Mail2 follow-up Zoho 200
featured,AllServices Kyiv,Київ,info@allservices.kiev.ua,Коротко: Featured у Київ ще вільний?,sent,2026-10-04,info@zaryadnastantsiya.com.ua,kyiv,Mail2 follow-up Zoho 200
featured,Спецмонтажсервіс К / EBMS,Київ,ebms@i.ua,Коротко: Featured у Київ ще вільний?,sent,2026-10-04,info@zaryadnastantsiya.com.ua,kyiv,Mail2 follow-up Zoho 200
featured,KressMarket,Київ,info@kressmarket.com.ua,Коротко: Featured у Київ ще вільний?,sent,2026-10-04,info@zaryadnastantsiya.com.ua,kyiv,Mail2 follow-up Zoho 200
featured,PL2T,Київ,info@pl2t.com,Коротко: Featured у Київ ще вільний?,sent,2026-10-04,info@zaryadnastantsiya.com.ua,kyiv,Mail2 follow-up Zoho 200
featured,Енергогарант / 220v,Київ,3311706@ukr.net,Коротко: Featured у Київ ще вільний?,sent,2026-10-04,info@zaryadnastantsiya.com.ua,kyiv,Mail2 follow-up Zoho 200
editorial,SEA,Україна,info@sea.com.ua,Коротко: чорновик Wh vs W під блекаут?,sent,2026-10-04,info@zaryadnastantsiya.com.ua,editorial,Mail2 follow-up Zoho 200
editorial,Solar.biz,Київ/Львів,info@solar.biz.ua,Коротко: чорновик Wh vs W під блекаут?,sent,2026-10-04,info@zaryadnastantsiya.com.ua,editorial,Mail2 follow-up Zoho 200
editorial,Storgom,Київ,marketing@storgom.ua,Коротко: чорновик Wh vs W під блекаут?,sent,2026-10-04,info@zaryadnastantsiya.com.ua,editorial,Mail2 follow-up Zoho 200
editorial,Mind.ua,Україна,editor@mind.ua,Коротко: чорновик Wh vs W під блекаут?,sent,2026-10-04,info@zaryadnastantsiya.com.ua,editorial,Mail2 follow-up Zoho 200
editorial,ITC.ua,Україна,news@itc.ua,Коротко: чорновик Wh vs W під блекаут?,sent,2026-10-04,info@zaryadnastantsiya.com.ua,editorial,Mail2 follow-up Zoho 200
editorial,Charge2Go,Україна,info@charge2go.ua,Коротко: чорновик Wh vs W під блекаут?,sent,2026-10-04,info@zaryadnastantsiya.com.ua,editorial,Mail2 follow-up Zoho 200
editorial,Mezha,Україна,taras@mezha.ua,Коротко: чорновик Wh vs W під блекаут?,sent,2026-10-04,info@zaryadnastantsiya.com.ua,editorial,Mail2 follow-up Zoho 200
editorial,Opticstore,Україна,info@opticstore.com.ua,Коротко: чорновик Wh vs W під блекаут?,sent,2026-10-04,info@zaryadnastantsiya.com.ua,editorial,Mail2 follow-up Zoho 200
editorial,Budmir,Україна,budmir01@gmail.com,Коротко: чорновик Wh vs W під блекаут?,sent,2026-10-04,info@zaryadnastantsiya.com.ua,editorial,Mail2 follow-up Zoho 200
editorial,Vector,Україна,info@vector.org.ua,Коротко: чорновик Wh vs W під блекаут?,sent,2026-10-04,info@zaryadnastantsiya.com.ua,editorial,Mail2 follow-up Zoho 200
